Form ID,Lobbyist/Registrant,Organization/Firm,Employer,Event Date,Total Cost,Groups Invited,Sponsors
E001300,"Murray, Rory ",Providence Strategies,Visit Annapolis and Anne Arundel County,01/28/25,147735.13,General Assembly,Visit Annapolis and Anne Arundel County
E001479,"Levine, Brian ",Montgomery County Chamber of Commerce,Montgomery County Chamber of Commerce,06/18/25,126664.07,Montgomery County Delegation,Montgomery County Chamber of Commerce
E001502,"Proctor, Gregory S., Jr.","G.S. Proctor & Associates, Inc. ","G.S. Proctor & Associates, Inc.",08/14/25,62293.64,"Anne Arundel County Delegation; Baltimore City Delegation; Baltimore County Delegation; Carroll County Delegation; General Assembly; Harford County Delegation; House Appropriations Committee; House Economic Matters Committee; House Environment and Transportation Committee; House Health and Government Operations Committee; House Judiciary Committee; House of Delegates; House Rules and Executive Nominations Committee; House Ways and Means Committee; Howard County Delegation; Lower Eastern Shore Delegation; Montgomery County Delegation; Prince George 's County Delegation; Senate; Senate Budget and Taxation Committee; Senate Education, Energy, and the Environment Committee (formerly Senate Education Health and Environmental Affairs Committee); Senate Executive Nominations Committee; Senate Finance Committee; Senate Judicial Proceedings Committee; Senate Rules Committee; Southern Maryland Delegation; Upper Eastern Shore Delegation; Western Maryland Delegation","G.S. Proctor & Associates, Inc.; Mayson-Dixon Companies"
E001265,"Vetter, Andrew ","Schwartz, Metz, Wise & Kauffman, P.A.",Maryland Tech Council,01/15/25,57518.4,General Assembly,Maryland Tech Council
E001487,"Yeiser, Gail Poffenberger","Maryland Agriculture Council, Inc.","Maryland Agriculture Council, Inc.",02/06/25,51038,General Assembly,"Maryland Agriculture Council, Inc."
E001468,"Wise, J. Steven","Schwartz, Metz, Wise & Kauffman, P.A.","MedChi, The Maryland State Medical Society",05/17/25,49329.46,General Assembly,"MedChi, The Maryland State Medical Society"
E001388,"Martin, G Dan ",Mental Health Association of Maryland,Mental Health Association of Maryland,02/24/25,44750,General Assembly,Mental Health Association of Maryland
E001470,"Johansen, Michael Vernon",Rifkin Weiner Livingston LLC,1/ST Racing MD LLC,05/12/25,44712,General Assembly,1/ST Racing MD LLC
E001476,"Jones, Lisa ","Harris Jones & Malone, LLC","Harris Jones & Malone, LLC",08/13/25,42205,General Assembly,"Harris Jones & Malone, LLC; Door Dash; Baltimore Orioles Limited Partnership; United Way of Central Maryland; Visit Baltimore; Chesapeake Employers' Insurance Company; Genentech; Greater Baltimore Committee; Maryland Land Title; McDonald's Corporation; Associated Builders & Contractors; Noresco; Maryland Automobile Insurance Fund; Maryland Ready Mix Concrete; Deer Creek Government Relations; Johns Hopkins"
E001227,"Wise, J. Steven","Schwartz, Metz, Wise & Kauffman, P.A.","MedChi, The Maryland State Medical Society",12/06/24,42022.87,General Assembly,"MedChi, The Maryland State Medical Society"
E001241,"Evans, Gerard ","Evans & Associates, LLC",Maryland Transportation Builders and Materials Association,12/11/24,40000,Prince George 's County Delegation,Maryland Transportation Builders and Materials Association
E001473,"Middleton, Grayson S",Delmarva Chicken Association,Delmarva Chicken Association,06/04/25,36492.82,General Assembly; House of Delegates,Delmarva Chicken Association
E001472,"Porter, Holly ",Delmarva Chicken Association,Delmarva Chicken Association,06/04/25,36492.82,General Assembly; House of Delegates,Delmarva Chicken Association
E001499,"Celentano, Matthew ","Funk & Bolton, P.A.","Funk & Bolton, P.A.",08/13/25,35107.56,General Assembly,"Funk & Bolton, P.A.; League of Life and Health Insurers of Maryland ; Advanced Energy United; Aetna; Bulldog Group; BusPatrol; CareFirst; Cigna; Delta Dental; Fello; Frederick; Gainwell; Greater Washington Partnership; Kaiser Permanente ; Maryland MCO Association ; Metlife; NAMIC; Planned Parenthood; PointClickCare; ShelterPoint Life Insurance Company"
E001231,"Hough, Tyler Michael",Maryland Farm Bureau,Maryland Farm Bureau,12/09/24,35000,"House Environment and Transportation Committee; Lower Eastern Shore Delegation; Senate Education, Energy, and the Environment Committee (formerly Senate Education Health and Environmental Affairs Committee); Upper Eastern Shore Delegation",Maryland Farm Bureau
E001469,"Nagel, Milton ",Maryland Association of Boards of Education,Maryland Association of Boards of Education,02/03/25,28159.08,General Assembly,Maryland Association of Boards of Education
E001322,"Thompson, Melvin R.",Restaurant Association of Maryland,Restaurant Association of Maryland,01/21/25,27926.14,General Assembly,Restaurant Association of Maryland; Maryland Hotel & Lodging Association; Howard County Tourism; RockSalt Grille; Peblla
E001511,"Fredriksson, Ryan ","National Aquarium, Inc.",National Aquarium,10/18/25,27592.55,General Assembly,National Aquarium
E001390,"Kolp, Andrea Edna",The Arc Maryland,"Arc Maryland, The",02/13/25,25869.34,General Assembly,"Arc Maryland, The; Maryland Association of Community Services; People on the Go Maryland; Disability Rights Maryland; Maryland Developmental Disabilities Council"
E001259,"Wise, J. Steven","Schwartz, Metz, Wise & Kauffman, P.A.",Maryland State Licensed Beverage Association,01/08/25,22618.36,General Assembly,Maryland State Licensed Beverage Association; Licensed Beverage Distributors of Maryland; Maryland Beer Wholesalers Association
E001498,"Bellamy, Lorenzo ",Bellamy Genn Group LLC,"Bellamy Genn Group, LLC",08/12/25,22100,General Assembly,"Bellamy Genn Group, LLC; Pratt Library; Leaders of a Beautiful Struggle; Dream Management; The Daily Record; Encore Capital ; American & Forest Association ; MD/DC Press Association; Baltimore Tree Trust"
E001243,"Miller, Deborah ",JCRC of Greater Washington,Jewish Community Relations Council of Greater Washington,12/18/24,20497,Montgomery County Delegation,Jewish Community Relations Council of Greater Washington
E001374,"Jabin, Amanda Drew",Maryland Association of Community Colleges,Maryland Association of Community Colleges,01/27/25,20177.66,House of Delegates; Senate,Maryland Association of Community Colleges
E001501,"Boston, III, Frank D","Law Office of Frank D. Boston, III",Maryland Tourism Coalition,08/13/25,18900.22,General Assembly; Harford County Delegation; Montgomery County Delegation,Maryland Tourism Coalition; 1631 Digital; Boston Plaut Attorneys at Law; Deep Eddy Vodka; EMR; IHeartMedia; Kent Narrows Foundation; Live Casino and Hotel; Maryland Ad Network; Maryland Association of Campgrounds; Maryland Municipal League; Maryland SoccerPlex; Maryland Coast- Worcester County; NCM- National CineMedia; Noovis; Ocean Downs Casino; Phillips Seafood; Providence Strategies; Residence Inn by Marriott Ocean City; Salisbury Area Chamber of Commerce; Somerset County Tourism; Southern Maryland National Heritage Area; St. Mary's DED; Stratosphere Social ; TEAM Maryland ; Visit Annapolis and Anne Arundel County; Visit Frederick; Visit Hagerstown and Washington County; Visit Howard County; Visit Montgomery; Waterfowl Festival; Wisp Resort
E001288,"Greenfield, Aaron J.","Greenfield Law, LLC",Embassy of Japan,01/30/25,18500,General Assembly,Embassy of Japan
E001453,"Wise, J. Steven","Schwartz, Metz, Wise & Kauffman, P.A.",United Therapeutics Corporation,03/18/25,18300,General Assembly,"United Therapeutics Corporation; DaVita, Inc.; Patient First; Waste Management, Inc.; Schwartz, Metz, Wise & Kauffman, P.A."
E001505,"Fiastro, John Carl, Jr.",Fiastro Consulting,"Fiastro Consulting, Inc.",08/14/25,18012.35,General Assembly,"Fiastro Consulting, Inc.; Vicinity Energy, LLC; Schneider Electric Buildings America, Inc.; Amazon.com Services LLC"
E001486,"Williams, Lisa B.",Baltimore City Medical Society,Baltimore City Medical Society,06/21/25,17745,Baltimore City Delegation,Baltimore City Medical Society; Sinai Hospital; Johns Hopkins University & Medicine; Medical Mutual; Unity Insurance
E001298,"Reynolds, Patrick  Thomas",AFT-Maryland,American Federation of Teachers - Maryland,01/13/25,17647.98,General Assembly,American Federation of Teachers - Maryland
E001490,"Garagiola, Hannah  Powers","Compass Government Relations Partners, LLC","Compass Government Relations Partners, LLC",08/14/25,16395.75,General Assembly,"Compass Government Relations Partners, LLC; Aetna; CTIA; Workday; Professional Firefighters of MD; CFG Health; Coinbase; Maryland Live!; Lockheed Martin"
E001309,"Porter, Holly ",Delmarva Chicken Association,Delmarva Chicken Association,02/04/25,16292.7,General Assembly; House of Delegates,Delmarva Chicken Association; Horizon Farm Credit; Mountaire Farms; Perdue Farms; Amick Farms; Allen Harim; Tyson Foods
E001272,"Johansen, Michael Vernon",Rifkin Weiner Livingston LLC,Rifkin Weiner Livingston LLC,02/18/25,14393.4,House Health and Government Operations Committee; House Ways and Means Committee,"Rifkin Weiner Livingston LLC; 1/St Racing MD LLC; Allegany County Gov; Ashley Inc.; Baltimore Symphony Orchestra; Berkshire Hathaway Energy; Brewers Association of Maryland; Brown Advisory; Cable Telecommunications of MD, DE, & DC; Canton Group; CBAC Gaming; Celebree School; Children's National Health System; Colonial Pipeline; Curio Wellness; Enterprise; Fair Hill Condominium Association; FedEx Corporation; Gaudenzia; H&R Block; Hims, Inc.; Horizon Land Company; Humanim; JMI Equity ; Light & Wonder; Maryland Academy Pediatric Dentistry; Maryland Auto Dealers Assoc.; Maryland Physicians Care MCO; Maryland Realtors; Maryland Wineries Association; Nareit; Pharmaceutical Care Management Assoc.; Pepco; Premium Cigar Rettailers Assoc. of MD; Real Time Medical Systems; Sheppard Pratt Health Systems; Skyline Technology Solutions; Story of Maryland; ThinkBig Networks; UPMC Western Maryland; Washington Area New Auto Dealers Assoc.; Xcaliber"
E001396,"Harvey, Tiffany L",Cornerstone Government Affairs,Maryland-Delaware-DC Beverage Association,03/11/25,14372.88,General Assembly,Maryland-Delaware-DC Beverage Association
E001458,"Kraska, Jenny ",Maryland Catholic Conference,Maryland Catholic Conference,04/07/25,14345,General Assembly,Maryland Catholic Conference; HB Strategies; G. S. Proctor & Associates; Manis Canning & Associates; Maryland Beer Wholesalers Association; Cable Television Association of Maryland & Delaware
E001303,"Wyatt, Joseph R.",Association of Maryland Pilots,Baltimore Port Alliance,01/14/25,13882.5,General Assembly,Baltimore Port Alliance
E001485,"Neil, John B.","Jack Neil & Associates, LLC","American Society of Landscape Architects, MD Chapter",06/18/25,13500,"House Environment and Transportation Committee; Senate Education, Energy, and the Environment Committee (formerly Senate Education Health and Environmental Affairs Committee)","American Society of Landscape Architects, MD Chapter; American Society of Landscape Artchitects"
E001328,"Perry, Tim ",PerryJacobson,Anheuser-Busch Companies,02/18/25,13416.31,House Economic Matters Committee; Senate Finance Committee,Anheuser-Busch Companies
E001427,"Garagiola, Hannah  Powers","Compass Government Relations Partners, LLC","Compass Government Relations Partners, LLC",03/25/25,12889.38,General Assembly,"Compass Government Relations Partners, LLC; Aetna; Donate Life Maryland; Professional Firefighters of Maryland; HNTB; Bamboo Health; Maryland American Water; Guidehouse; Fitzgerald Auto"
E001267,"Johansen, Michael Vernon",Rifkin Weiner Livingston LLC,Rifkin Weiner Livingston LLC,01/28/25,12815.3,Senate Budget and Taxation Committee; Senate Judicial Proceedings Committee,"Rifkin Weiner Livingston LLC; 1/St Racing MD LLC; Allegany County Gov; ASC Engineering; Ashley Inc.; Baltimore Symphony Orchestra; Berkshire Hathaway Energy GT&S; Brewers Association of Maryland; Brown Advisory; Cable Telecommunications of MD, DE & DC; Canton Group; Catalis; CBAC Gaming; Celebree School; Chesapeake Shakespeare Company; Children's National Health System; Colonial Pipeline; Corebridge Financial; Curio ; DentaQuest; Educational Affiliates; Enterprise; Envirotest; Fair Hill Condominium Assoc; FedEx; Food & Friends; Friends of Patapsco Valley State Park; Gaudenzia; H&R Block; Helping Up Mission; Humanim; JMI Equity; Light & Wonder; Maryland Automobile Dealers Association; Maryland Physicians Care; Maryland Realtors; Maryland Tech Council; Maximus; Medallia Inc.; Mount Vernon Place; MTX Group; NaphCare Inc.; Nariet; PGA America; Pharmaceutical Care Mgmt ; Premium Cigar Retailers Association of MD; Scientific Games; Sheppard Pratt; Skyline Technology; ThinkBig Networks; UPMC Western Maryland; Washington Area New Auto Dealers"
E001269,"Johansen, Michael Vernon",Rifkin Weiner Livingston LLC,Rifkin Weiner Livingston LLC,02/04/25,12796.79,House Economic Matters Committee; House Environment and Transportation Committee,"Rifkin Weiner Livingston LLC; 1/St Racing MD LLC; Allegany County Gov; ASC Engineering; Ashley Inc.; Baltimore Symphony Orchestra; Berkshire Hathaway Energy GT&S; Brewers Association of Maryland; Brown Advisory; Cable Telecommunications of MD, DE & DC; Canton Group; Catalis; Celebree School; Colonial Pipeline; Corebridge Financial; Curio Wellness; DentaQuest; Enterprise ; Envirotest Systems; Fair Hill Condominium Association; FedEx Corp; Friends of Patapsco Valley State Park; Gaudenzia; H&R Block; Horizon Land; JMI Equity; Maryland Auto Dealers Assoc.; Maryland Distillers Guild; Maryland Realtors; Maryland Tech Council; Maryland Wineries Assoc.; Meta Platforms Inc.; MTX Group; Pepco Holdings; Premium Cigar Retailers Assoc of MD; Real Time Medical Systems; Skyline Technology Solutions; Story of Maryland; Waste Management"
E001280,"Favazza, John F",Manis Canning & Associates,Washington County Community Coalition,01/22/25,12397.48,General Assembly,Washington County Community Coalition; Columbia Gass; Washington County Community Foundation; Attendance Fees
E001253,"Peters, Sarah M.",Husch Blackwell Strategies,Transportation Association of Maryland,01/15/25,11996.95,General Assembly,Transportation Association of Maryland
E001277,"Miles, William R",William Miles,Hunters of Maryland,01/16/25,11723,General Assembly,"Hunters of Maryland; Association of Forest Industries, Inc."
E001397,"Boston, III, Frank D","Law Office of Frank D. Boston, III","Maryland State Fraternal Order of Police c/o Frank D. Boston III, Attorney at Law",03/04/25,11681.9,House Judiciary Committee; Senate Judicial Proceedings Committee,"Maryland State Fraternal Order of Police c/o Frank D. Boston III, Attorney at Law"
E001339,"Jones, Lisa ","Harris Jones & Malone, LLC",Johns Hopkins,01/30/25,11033.4,House Appropriations Committee; Senate Budget and Taxation Committee,Johns Hopkins
E001482,"Leacock, Chris ",The Arc Montgomery County,"Arc Montgomery County, The",06/07/25,11017.24,Montgomery County Delegation,"Arc Montgomery County, The; HUB International Limited; ALCO Pharmacy;  Gorfine, Schiller & Gardyn, P.A;  R3;  Arc Mo Co Board of Directors; AR Bancroft LTD; TWINSIS, LLC; Terrence Judge / Boyer / Williams Gift Fund; NAV Management;  CETA Benefit Consulting Group, LLC; Nauticon Digital Office Products;  Sandy Spring Bank;  AMR Commercial, LLC;  Office Pro, Inc.;  Daria Cervantes"
E001411,"Perry, Tim ",PerryJacobson,Sports Betting Alliance,03/04/25,10914.6,House Ways and Means Committee; Senate Budget and Taxation Committee,Sports Betting Alliance
E001464,"Murray, Rory ",Providence Strategies,Providence Strategies,04/07/25,10823.37,General Assembly,Providence Strategies
E001311,"Kraska, Jenny ",Maryland Catholic Conference,Maryland Catholic Conference,01/28/25,10770.45,General Assembly,Maryland Catholic Conference
E001478,"Simpson, Maurice , Jr.","Constellation Energy Generation, LLC","Constellation Energy Generation, LLC",05/22/25,10386.79,"House Economic Matters Committee; Senate Education, Energy, and the Environment Committee (formerly Senate Education Health and Environmental Affairs Committee)","Constellation Energy Generation, LLC"
E001333,"Kress, William Allen",Kress Hammen Government Affairs,Maryland Nurses Association,02/17/25,9958.8,General Assembly,Maryland Nurses Association
E001459,"Walsh, Michael ",Capitol Strategies,Capitol Strategies LLC,04/07/25,9877,General Assembly,Capitol Strategies LLC
E001346,"Shattuck, Daniel ",Brocato & Shattuck,Maryland Continuing Care Residents Association,02/25/25,9723.28,General Assembly,Maryland Continuing Care Residents Association
E001256,"Perry, Tim ",PerryJacobson,Washington Gas,01/16/25,9716.15,"House Economic Matters Committee; Senate Education, Energy, and the Environment Committee (formerly Senate Education Health and Environmental Affairs Committee)",Washington Gas
E001255,"Perry, Tim ",PerryJacobson,Perry White Ross & Jacobson,01/08/25,9700,General Assembly,Perry White Ross & Jacobson
E001261,"Johansen, Michael Vernon",Rifkin Weiner Livingston LLC,Rifkin Weiner Livingston LLC,01/08/25,9526,General Assembly,"Rifkin Weiner Livingston LLC; 1/St Racing MD LLC; Allegany County Gov; Ashley Inc.; Baltimore Symphony Orchestra; Berkshire Hathaway Energy; Brewers Association of Maryland; Brown Advisory; Cable Telecommunications of MD, DE, & DC; Canton Group; CBAC Gaming; Celebree School; Chesapeake Shakespeare Company; Children's National Health System; Colonial Pipeline; Corebridge Financial Group; Curio Wellness; DentaQuest; Education Affiliates; Enterprise ; Envirotest ; Fair Hill Condominium Assoc.; FedEx; Food & Friends Inc.; Friends Patapsco Valley State Park; Gaudenzia; H&R Block ; Hims Inc.; Horizon Land; Humanim Inc; JMI Equity; Light & Wonder; Maryland Academy of Pediatric Dentistry; Maryland Automobile Dealers Association; Maryland Distillers; Maryland Physicians Care MCO; Maryland REALTORS; Maryland Tech Council; Maryland Wineries Association; Maximus; Medallia; Meta Platforms Inc.; MTX Group; NaphCare, Inc.; Nareit; PGA of America; Pharmaceutical Care Mgmt -PCMA; Pepco; Premium Cigar Retailers Assoc of MD; Real Time Medical Systems; Scientific Games LLC; Sheppard Pratt Health Systems; Skyline Technology Solutions; Story of Maryland; UPMC Western Maryland; Washington Area New Auto Dealers Assoc; Waste Management of Maryland; Xcaliber"
E001213,"Sublett, Jenna Massoni",Cornerstone Government Affairs,Cornerstone Government Affairs,04/07/25,9493.96,General Assembly,Cornerstone Government Affairs
E001395,"White, Josh ",KO Public Affairs,Pharmaceutical Research & Manufacturers of America,02/05/25,9327.67,House Health and Government Operations Committee; Senate Finance Committee,Pharmaceutical Research & Manufacturers of America; Glaxo Smith Kline; Merck; BMS; Gilead; Novartis; Johnson & Johnson; Amgen; Neurocrine; Incyte; Eli Lilly; Pfizer; BioMarin; Otsuka
E001507,"Bevan-Dangel, Jennifer ",Economic Action Maryland Fund,Maryland Consumer Rights Coalition DBA Economic Action Maryland,09/25/25,9000,General Assembly,Maryland Consumer Rights Coalition DBA Economic Action Maryland; Economic Action Maryland
E001409,"Sublett, Jenna Massoni",Cornerstone Government Affairs,Cornerstone Government Affairs,04/02/25,8942.8,House Appropriations Committee; Senate Budget and Taxation Committee,Cornerstone Government Affairs
E001359,"Rehr, Rebecca ",Maryland League of Conservation Voters,Maryland League of Conservation Voters,02/05/25,8924.05,General Assembly,Maryland League of Conservation Voters
E001247,"Evans, Gerard ","Evans & Associates, LLC","Evans & Associates, LLC",01/08/25,8887.73,General Assembly,"Evans & Associates, LLC"
E001214,"Ifekauche, Delora Sanchez",Cornerstone Government Affairs,Johns Hopkins,01/28/25,8805.45,House Health and Government Operations Committee,Johns Hopkins
E001314,"Bohle, Matt ",Rifkin Weiner Livingston LLC,Brewers Association of Maryland,03/19/25,8790,General Assembly,Brewers Association of Maryland; Maryland Distillers Guild; Maryland Wineries Association
E001270,"Johansen, Michael Vernon",Rifkin Weiner Livingston LLC,Rifkin Weiner Livingston LLC,02/12/25,8730.84,Prince George 's County Delegation,"Rifkin Weiner Livingston LLC; 1/St Racing MD LLC; Board of County Commissioners Allegany County Gov; Baltimore Symphony Orchestra; Berkshire Hathaway; Cable Telecommunications of MD, DE, DC; CBAC Gaming; Celebree School; Children's National Health System; Curio Wellness; Educational Affiliates; Enterprise; Envirotest Systems; Gaudenzia; H&R Block; Humanim; Maryland Auto Dealers Association; Maryland Physicians Care ; Maryland REALTORS; Nareit; Pharmaceutical Care Mgmt Assoc. PCMA; Pepco Holdings; Premimum Cigar Retailers Association of Md; Real Time Medical Systems ; Sheppard Pratt Health Systems; Story of Maryland; ThinkBig Networks ; UPMC Western Maryland; Washington Area New Auto Dealers ; Xcaliber International"
E001234,"Reed, Dytonia ",Baltimore Gas and Electric,Baltimore Gas and Electric Company,12/04/24,8630.35,General Assembly,"Baltimore Gas and Electric Company; Pepco Holdings, Inc."
E001242,"Jones, Lisa ","Harris Jones & Malone, LLC","Harris Jones & Malone, LLC",01/14/25,8594.77,General Assembly,"Harris Jones & Malone, LLC; Capital Strategies"
E001273,"Johansen, Michael Vernon",Rifkin Weiner Livingston LLC,Rifkin Weiner Livingston LLC,02/19/25,8549.94,House Appropriations Committee; House Judiciary Committee,Rifkin Weiner Livingston LLC; 1/St Racing MD LLC; Allegany County Gov; Baltimore Symphony Orchestra; Brewers Association of MD ; Catalis; CBAC Gaming; Chesapeake Shakespeare Company; Children's National Health System; Corebridge Financial Group; DentaQuest; Education Affiliates; Enterprise ; Fair Hill Condominium Assoc.; Food & Friends; Friends of Patapsco Valley State Park; Gaudenzia; Humanim; Maryland Academy of Pediatric Dentists; Maryland Automobile Dealers Assoc.; Maryland Physicians Care ; Maryland Tech Council; Mount Vernon Place Conservancy; PGA of America; Sheppard Pratt Health Systems; Skyline Technology Solutions; UPMC Western Maryland; Washington Area New Auto Dealers
E001398,"Boston, III, Frank D","Law Office of Frank D. Boston, III",Maryland Tourism Coalition,02/14/25,8306.03,General Assembly,"Maryland Tourism Coalition; Allegany County Tourism; Baltimore Convention Center; Baltimore Tourism Association; Destination Southern Maryland; Electric Motor Repair Company; Kent Island Foundation; Live! Casino and Hotel; Maryland Association of Campgrounds; Maryland Horse Breeders Assocation; Maryland Horse Industy Board; Maryland Hotel Lodging Association; Maryland SoccerPlex; National Harbor; NCM - America's Movie Network; Ocean City Department of Tourism; Ocean City Hotel-Motel-Restaurant Association; Phillips Foods; Residence Inn Ocean City; Today Media Custom Communications; Visit Annapolis & Anne Arundel County; Visit Baltimore; Visit Frederick; Washington Post; Wicomico County Recreation Parks, Tourism"
E001393,"Kerr, Caitlin Nichole",The Nature Conservancy,"Nature Conservancy, The",02/27/25,8272.44,House Environment and Transportation Committee,"Nature Conservancy, The; Gally Public Affairs"
E001440,"Moore, Tonaeya ",CASH Campaign of Maryland,CASH Campaign of Maryland,03/10/25,8262.52,Baltimore City Delegation; Baltimore County Delegation,CASH Campaign of Maryland; SECU
E001301,"Murray, Rory ",Providence Strategies,MD & DC Credit Union Association,02/04/25,8208.54,General Assembly,MD & DC Credit Union Association
E001268,"Johansen, Michael Vernon",Rifkin Weiner Livingston LLC,Rifkin Weiner Livingston LLC,01/29/25,7804.84,"Senate Education, Energy, and the Environment Committee (formerly Senate Education Health and Environmental Affairs Committee); Senate Finance Committee","Rifkin Weiner Livingston LLC; 1/St Racing MD LLC; ASC Engineered Solutions; Ashley Inc.; Baltimore Symphony Orchestra; Berkshire Hathaway Energy; Brewers Association of Maryland; Cable Telecommunication of Maryland; Celebree School; Children's National Health System; Colonial Pipeline; Corebridge Financial Group; Curio Wellness; Education Affiliates; Enterprise; FedEx Corporation; H&R Block; Helping Up Mission; Hims Inc.; Maryland Academy of Pediatric Dentists; Maryland Automobile Dealers Association; Maryland Distillers Guild; Maryland Physicians Care ; Maryland Realtors; Maryland Wineries Association; Meta Platforms, Inc.; Pharmaceutical Care Mgmt. Assoc.; Pepco Holdings; Premium Cigar Retailers Association of MD; Real Time Medical Systems; Sheppard Pratt Health Systems; Story of Maryland; UPMC Western Maryland; Washinton Area New Auto Dealers; Waste Management; Xcaliber"
E001246,"Zwerling, Samantha C",Maryland State Education Association,Maryland State Education Association,01/08/25,7701.72,General Assembly,Maryland State Education Association
E001260,"Wise, J. Steven","Schwartz, Metz, Wise & Kauffman, P.A.","MedChi, The Maryland State Medical Society",01/13/25,7600.11,General Assembly,"MedChi, The Maryland State Medical Society"
E001351,"Martinez, Madelin  Stefany",Catholic Charities of Baltimore,Catholic Charities,01/29/25,7499.35,General Assembly,Catholic Charities
E001230,"Mingo, Dwayne B","Prince George's County Assn. of Realtors, Inc.","Prince George's County Association of Realtors, Inc.",12/05/24,7312.95,Prince George 's County Delegation,"Prince George's County Association of Realtors, Inc.; Ameris Bank; Brennan Title Company; Certainty Home Lending; Prosperity Home Mortgage; Sandy Spring Bank; Truist; United Bank; Ready to Sell Renovations; WesBanco; AWO Real Estate Title; BrightMLS; First Home Mortgage The Paquin Team; Interstate Moving and Storage; The Law Office of Midgett S. Parker; Northpointe Bank; Primary Residential Mortgage; Red Carpet Home Inspections; Titlemax; Trustfunds; Village Settlement ; Wells Fargo Home Mortgage"
E001221,"Morrow, Elizabeth ",Maryland Family Network,Maryland Family Network,11/20/24,7110.13,General Assembly,Maryland Family Network
E001330,"Jacobson, Jonas ",PerryJacobson,Concentra,02/25/25,7058.99,Senate Finance Committee,Concentra
E001422,"Garagiola, Hannah  Powers","Compass Government Relations Partners, LLC","Maryland Association for Justice, Inc.",03/11/25,7023.94,House Economic Matters Committee,"Maryland Association for Justice, Inc."
E001349,"Teffeau, Matthew ",Choptank Electric Cooperative,"Choptank Electric Cooperative, Inc.",01/21/25,7000,"House Economic Matters Committee; Senate Education, Energy, and the Environment Committee (formerly Senate Education Health and Environmental Affairs Committee)","Choptank Electric Cooperative, Inc."
E001232,"Costello, Christopher ",Public Sector Consulting Group,Howard County Chamber of Commerce,12/06/24,7000,Howard County Delegation,Howard County Chamber of Commerce
E001293,"Garagiola, Robert J","Compass Government Relations Partners, LLC",CTIA- The Wireless Association,01/21/25,6951.59,House Ways and Means Committee; Senate Budget and Taxation Committee,CTIA- The Wireless Association
E001413,"Sidh, Sushant ","Capitol Strategies, LLC","Reworld Waste, LLC",02/13/25,6915.11,House Economic Matters Committee,"Reworld Waste, LLC"
E001281,"Mansfield, Andrea ",Manis Canning & Associates,Boys & Girls Clubs of America,02/04/25,6856.55,General Assembly,Boys & Girls Clubs of America
E001456,Intelligent Transportation Society of Maryland,"VanDillen, Diederick ",Intelligent Transportation Society of Maryland,03/20/25,6836,House Environment and Transportation Committee; Senate Budget and Taxation Committee,Intelligent Transportation Society of Maryland
E001211,"Stierhoff, John R.",Venable LLP,State Law Enforcement Officers Labor Alliance (SLEOLA),01/29/25,6789.43,General Assembly,State Law Enforcement Officers Labor Alliance (SLEOLA)
E001284,"Harbeson, Kristen ",Maryland League of Conservation Voters,Maryland League of Conservation Voters,01/08/25,6781,General Assembly,Maryland League of Conservation Voters
E001352,"Enten, D. Robert",Gordon Feinblatt LLC,American Property Casualty Insurance Association,01/22/25,6680.94,General Assembly,American Property Casualty Insurance Association; Allstate Insurance Company; American Family Insurance Company; Erie Insurance Group; National Association of Mutual Insurance Companies (NAMIC); Nationwide Mutual Insurance Companies; NJM Insurance Group; Reinsurance Association of America; Selective Insurance Group; State Farm Mutual Automobile Insurance Company; USAA Group; Zurich North America
E001329,"Jacobson, Jonas ",PerryJacobson,Concentra,02/06/25,6673.52,House Economic Matters Committee,Concentra
E001488,"Levine, Brian ",Montgomery County Chamber of Commerce,Montgomery County Chamber of Commerce,09/17/25,6628.4,Montgomery County Delegation,Montgomery County Chamber of Commerce
E001317,"Gally, Eric ","Gally Public Affairs, Inc. ","Gally Public Affairs, Inc.",01/22/25,6580.98,House Appropriations Committee; Senate Budget and Taxation Committee,"Gally Public Affairs, Inc."
E001321,"Johansen, Michael Vernon",Rifkin Weiner Livingston LLC,Rifkin Weiner Livingston LLC,02/26/25,6568.26,Anne Arundel County Delegation; Baltimore City Delegation; Baltimore County Delegation; Harford County Delegation; Lower Eastern Shore Delegation; Upper Eastern Shore Delegation,"Rifkin Weiner Livingston LLC; 1/St Racing MD LLC; Allegany County Gov; ASC Engineering; Ashley Inc.; Baltimore Symphony Orchestra; Berkshire Hathaway Energy GT&S; Brewers Association of Maryland; Brown Advisory; Cable Telecommunications of MD, DE & DC; Canton Group; Catalis; *Celebree School; Chesapeake Shakespeare Company; Children's National Health System; Colonial Pipeline Company; Curio Wellness; Education Affiliates/Fortis College; Enterprise Rental Cars; Fair Hill Condominium Association; FedEx Corp; Gaudenzia; Helping Up Mission; Humanim Inc.; JMI Equity; Maryland Academy Pediatric Dentistry; Maryland Auto Dealers Assoc.; Maryland Physicians Care MCO; Maryland Realtors; Maryland Wineries Association; Mount Vernon Place Conservancy; Nareit; Premium Cigar Retailers Association of MD ; Sheppard Pratt Health System; Skyline Technology Solutions; ThinkBig Networks; *CBAC Gaming"
E001287,"Proctor, Gregory S., Jr.","G.S. Proctor & Associates, Inc. ","G.S. Proctor & Associates, Inc.",01/14/25,6552.61,Prince George 's County Delegation,"G.S. Proctor & Associates, Inc."
E001296,"SFAAMD Association, Inc.","Vidmar, Dave  ","SFAAMD Association, Inc.",01/22/25,6503.22,General Assembly,"SFAAMD Association, Inc."
E001340,"Snyder, Gregory Michael ",MD Association of Community Services,Maryland Association of Community Services (MACS),01/22/25,6463.03,House of Delegates; Senate,Maryland Association of Community Services (MACS)
E001238,"Campion, Louis ",Maryland Motor Truck Association,Maryland Motor Truck Association,12/04/24,6427.42,Carroll County Delegation; Western Maryland Delegation,Maryland Motor Truck Association; Frederick Brick Works; Richard B. Rudy; Lightning Transportation; Mark's Equipment Service
E001290,"Richards, Evan Kendall",MD Bankers,Maryland Bankers Association,01/23/25,6250.05,General Assembly,Maryland Bankers Association
E001274,"Kauffman, Danna L","Schwartz, Metz, Wise & Kauffman, P.A.",Maryland Chapter of the American College of Emergency Physicians,01/22/25,6096.74,General Assembly,Maryland Chapter of the American College of Emergency Physicians
E001492,"Vetter, Andrew ","Schwartz, Metz, Wise & Kauffman, P.A.",Maryland Tech Council,08/13/25,5980.37,General Assembly,Maryland Tech Council
E001271,"Krone, Christine K","Schwartz, Metz, Wise & Kauffman, P.A.",Maryland Tech Council,02/05/25,5954.65,"House Economic Matters Committee; Senate Education, Energy, and the Environment Committee (formerly Senate Education Health and Environmental Affairs Committee)",Maryland Tech Council
E001399,"Lucchi, Leonard L.","O'Malley, Miles, Nylen & Gilmore, P.A.",Maryland RISE,02/13/25,5952.14,House Ways and Means Committee,Maryland RISE
E001258,"Allen, Hannah ",Maryland Chamber of Commerce,Maryland Chamber of Commerce,01/15/25,5916.47,House of Delegates; Senate,Maryland Chamber of Commerce
E001414,"Price, Sarah Feeney",Maryland Retailers Alliance,Maryland Retailers Alliance,02/20/25,5915.94,House Economic Matters Committee; Senate Finance Committee,Maryland Retailers Alliance
E001420,"Garagiola, Hannah  Powers","Compass Government Relations Partners, LLC","Maryland - American Water Company, Inc.",03/04/25,5779.87,"House Economic Matters Committee; Senate Education, Energy, and the Environment Committee (formerly Senate Education Health and Environmental Affairs Committee)","Maryland - American Water Company, Inc."
E001312,"Evans, Gerard ","Evans & Associates, LLC",Maryland Transportation Builders and Materials Association,02/13/25,5749.37,House Environment and Transportation Committee,Maryland Transportation Builders and Materials Association
E001447,"Carroll, Jr., David H.","Capitol Strategies, LLC",DailyPay,03/06/25,5738,House Economic Matters Committee,DailyPay; American Fintech Council; EarnIn; PayActiv
E001426,"Mason, Michael ",Providence Strategies LLC,Kaiser Permanente,02/25/25,5734.8,House Health and Government Operations Committee,Kaiser Permanente
E001461,"Pica, John A, Jr.","Pica & Associates, LLC","Pica & Associates, LLC",04/07/25,5700,General Assembly,"Pica & Associates, LLC"
E001302,"Manis, Nicholas G",Manis Canning & Associates,"National Association of Industrial and Office Properties, Maryland",01/29/25,5678.65,Senate Budget and Taxation Committee,"National Association of Industrial and Office Properties, Maryland"
E001254,"Pica, John A, Jr.","Pica & Associates, LLC","Pica & Associates, LLC",01/08/25,5650,General Assembly,"Pica & Associates, LLC"
E001316,"Cullin, Allison ",Greater Washington Partnership,Greater Washington Partnership,01/22/25,5541.11,General Assembly,Greater Washington Partnership
E001245,"Carrington, J. Darrell ","Carrington & Associates, LLC",Maryland Community Action Partnership,01/15/25,5501.32,General Assembly,Maryland Community Action Partnership
E001229,"Bogdan, Henry W",Maryland Nonprofits,Maryland Nonprofits,12/04/24,5474.9,Anne Arundel County Delegation,Maryland Nonprofits
E001371,"Garagiola, Hannah  Powers","Compass Government Relations Partners, LLC",Mid-Atlantic Renewable Energy Coalition Action (MAREC Action),02/26/25,5405.76,House Economic Matters Committee,Mid-Atlantic Renewable Energy Coalition Action (MAREC Action)
E001432,"Sidh, Sushant ","Capitol Strategies, LLC",Luminis Health,02/25/25,5400,Senate Budget and Taxation Committee,Luminis Health
E001341,"Reed, Dytonia ",Baltimore Gas and Electric,Baltimore Gas and Electric Company,02/11/25,5361.72,House Economic Matters Committee,Baltimore Gas and Electric Company
E001451,"Sidh, Sushant ","Capitol Strategies, LLC","Atlantic Bingo Supply, Inc",03/13/25,5200,House Ways and Means Committee,"Atlantic Bingo Supply, Inc"
E001297,"Jordan, Lisae C","Lisae C Jordan, Esquire",Maryland Coalition Against Sexual Assault,01/16/25,5094,General Assembly,Maryland Coalition Against Sexual Assault; Beth Ann and Matt Dorman; For All Seasons; Shore Regional Health; National Coalition for Sexual Freedom; Levin Gann; Dr Rochelle Davidson Mhonde; Life Bridge Health; Safe Exit Initiative; Delegate Kris Fair; Alice Wilkerson; So.Maryland Center for Family Advocacy; I Survived You; Enough of Gun Violence; Public Policy Partners; Michele Hughes; YWCA; Ocean Downs Racetrack; Building Communities Today for Tomorrow; Minnesota Lawyers Mutual Insurance Co; Dana White; AAUW; Nancy Lineman & Delegate Ann Kaiser; Women's Law Center of Maryland; Kristin Bryce; Funk & Bolton
E001369,"Garagiola, Robert J","Compass Government Relations Partners, LLC",Chesapeake Solar & Storage Association (CHESSA),02/19/25,5084.51,House Economic Matters Committee,Chesapeake Solar & Storage Association (CHESSA)
E001419,"Proctor, Gregory S., Jr.","G.S. Proctor & Associates, Inc. ","G.S. Proctor & Associates, Inc.",03/05/25,5025.94,Southern Maryland Delegation,"G.S. Proctor & Associates, Inc."
E001391,"Durkin, Margaret ",TechNet,TechNet,02/12/25,5010.51,House Economic Matters Committee; Senate Finance Committee,TechNet
E001262,"Mehu, Natasha ",Maryland Hospital Association,Maryland Hospital Association,01/14/25,5008.12,General Assembly,Maryland Hospital Association
E001306,"Evans, Gerard ","Evans & Associates, LLC","Northeast Maglev, LLC, The",01/21/25,5006.02,House Environment and Transportation Committee,"Northeast Maglev, LLC, The"
E001442,"Teffeau, Matthew ",Choptank Electric Cooperative,"Choptank Electric Cooperative, Inc.",03/26/25,5000,Lower Eastern Shore Delegation; Senate Judicial Proceedings Committee; Upper Eastern Shore Delegation,"Choptank Electric Cooperative, Inc."
E001313,"Johansen, Michael Vernon",Rifkin Weiner Livingston LLC,Rifkin Weiner Livingston LLC,02/05/25,4903.62,Carroll County Delegation; Howard County Delegation; Montgomery County Delegation; Southern Maryland Delegation; Western Maryland Delegation,Rifkin Weiner Livingston LLC; 1/St Racing MD LLC; Allegany County Gov; Berkshire Hathaway; Brewers Association of Maryland; CBAC Gaming; Celebree School; Children's National Health System; Enterprise ; Food & Friends; H&R Block; Maryland Academy of Pediatric Dentists; Maryland Auto Dealers Association ; Maryland Physicians Care; PGA of America; Premium Cigar Retailers Association of MD; Sheppard Pratt; Story of Maryland; ThinkBig Networks ; UPMC Western Maryland; Washington Area New Auto Dealers Association
E001363,"Garagiola, Hannah  Powers","Compass Government Relations Partners, LLC","Maryland Association for Justice, Inc.",02/06/25,4895.44,House Judiciary Committee,"Maryland Association for Justice, Inc."
E001372,"Garagiola, Hannah  Powers","Compass Government Relations Partners, LLC","Maryland Association for Justice, Inc.",02/27/25,4856.28,House Ways and Means Committee; Senate Budget and Taxation Committee,"Maryland Association for Justice, Inc."
E001366,"Garagiola, Hannah  Powers","Compass Government Relations Partners, LLC",CVS Health and All Affiliated Subsidiaries,02/12/25,4799.53,House Appropriations Committee,CVS Health and All Affiliated Subsidiaries
E001392,"Hale, Laura ",American Heart Association,American Heart Association,02/12/25,4719.85,House Ways and Means Committee; Senate Budget and Taxation Committee,"American Heart Association; American College of Cardiology, MD Chapter"
E001362,"Garagiola, Hannah  Powers","Compass Government Relations Partners, LLC","PPE Casino Resorts Maryland, LLC",02/05/25,4717.72,House Ways and Means Committee,"PPE Casino Resorts Maryland, LLC"
E001275,"Kauffman, Danna L","Schwartz, Metz, Wise & Kauffman, P.A.",LifeSpan Network,01/28/25,4703.95,General Assembly,LifeSpan Network; Maryland Association of Adult Day Services; Maryland-National Capital Homecare Association; Hospice & Palliative Care Network of Maryland
E001439,"Evans, Gerard ","Evans & Associates, LLC","Northeast Maglev, LLC, The",03/12/25,4700,Prince George 's County Delegation,"Northeast Maglev, LLC, The"
E001443,"Baker, Brittany ",Chesapeake Climate Action Network Action Fund,Chesapeake Climate Action Network Action Fund,03/12/25,4645.18,House Economic Matters Committee,Chesapeake Climate Action Network Action Fund
E001410,"Pica, Matthew ","Pica & Associates, LLC",National Shooting Sports Foundation,02/12/25,4636,"House Environment and Transportation Committee; House Judiciary Committee; Senate Education, Energy, and the Environment Committee (formerly Senate Education Health and Environmental Affairs Committee); Senate Judicial Proceedings Committee",National Shooting Sports Foundation
E001266,"Krone, Christine K","Schwartz, Metz, Wise & Kauffman, P.A.",Maryland Tech Council,01/21/25,4618,House Health and Government Operations Committee; Senate Finance Committee,Maryland Tech Council
E001394,"Evans, Gerard ","Evans & Associates, LLC",Luminis Health,03/05/25,4600.87,Prince George 's County Delegation,Luminis Health
E001292,"Garagiola, Robert J","Compass Government Relations Partners, LLC","Coalition for Community Solar Access, Inc.",01/22/25,4589.23,House Economic Matters Committee,"Coalition for Community Solar Access, Inc.; Lightstar; Turning Point; ECA; Pivot; Chaberton"
E001484,"Snyder, Abigail ",Baltimore Jewish Council,Baltimore Jewish Council,06/23/25,4563.1,House of Delegates; Senate,Baltimore Jewish Council
E001226,"Greenfield, Aaron J.","Greenfield Law, LLC",LeadingAge Maryland,01/22/25,4559.56,House Health and Government Operations Committee; Senate Finance Committee,LeadingAge Maryland
E001380,"Carroll, Jr., David H.","Capitol Strategies, LLC",Constellation,01/30/25,4550.6,House Economic Matters Committee,Constellation
E001449,"Sidh, Sushant ","Capitol Strategies, LLC",Meritus Health,03/05/25,4530.42,House Health and Government Operations Committee,Meritus Health
E001400,"Lucchi, Leonard L.","O'Malley, Miles, Nylen & Gilmore, P.A.",Maryland RISE,02/26/25,4497.81,Senate Budget and Taxation Committee,Maryland RISE
E001379,"Sidh, Sushant ","Capitol Strategies, LLC",Meritus Health,01/29/25,4490.59,House Appropriations Committee,Meritus Health
E001215,"Ifekauche, Delora Sanchez",Cornerstone Government Affairs,Johns Hopkins,02/13/25,4445.54,Senate Finance Committee,Johns Hopkins
E001342,"Reed, Dytonia ",Baltimore Gas and Electric,Baltimore Gas and Electric Company,02/20/25,4396.56,House Environment and Transportation Committee,Baltimore Gas and Electric Company
E001373,"Garagiola, Hannah  Powers","Compass Government Relations Partners, LLC",CTIA- The Wireless Association,02/27/25,4373.27,House Economic Matters Committee; Senate Finance Committee,CTIA- The Wireless Association
E001514,"Garagiola, Robert J","Compass Government Relations Partners, LLC","PPE Casino Resorts Maryland, LLC",10/30/25,4369.33,Senate Judicial Proceedings Committee,"PPE Casino Resorts Maryland, LLC"
E001418,"Proctor, Gregory S., Jr.","G.S. Proctor & Associates, Inc. ","G.S. Proctor & Associates, Inc.",02/27/25,4318.14,Prince George 's County Delegation,"G.S. Proctor & Associates, Inc."
E001433,"Sidh, Sushant ","Capitol Strategies, LLC",ICSC (International Council of Shopping Centers),02/26/25,4312.5,General Assembly,ICSC (International Council of Shopping Centers)
E001289,"Women's Bar Association of Maryland, Inc.","Twigg, Maria L","Women's Bar Association of Maryland, Inc.",01/09/25,4270,General Assembly; House of Delegates; Senate,"Women's Bar Association of Maryland, Inc."
E001368,"Garagiola, Hannah  Powers","Compass Government Relations Partners, LLC","Maryland Association for Justice, Inc.",02/19/25,4227.33,Senate Finance Committee; Senate Judicial Proceedings Committee,"Maryland Association for Justice, Inc."
E001295,"Garagiola, Robert J","Compass Government Relations Partners, LLC","Maryland Association for Justice, Inc.",01/29/25,4201.67,House Health and Government Operations Committee,"Maryland Association for Justice, Inc."
E001403,"Carroll, Jr., David H.","Capitol Strategies, LLC",Constellation,02/06/25,4200,"Senate Education, Energy, and the Environment Committee (formerly Senate Education Health and Environmental Affairs Committee)",Constellation
E001338,"Deal, Poetri ","Pepco Holdings, LLC","Pepco Holdings, LLC.",01/23/25,4093.96,House Economic Matters Committee,"Pepco Holdings, LLC."
E001263,"Wise, J. Steven","Schwartz, Metz, Wise & Kauffman, P.A.",Maryland State Licensed Beverage Association,02/25/25,4087.16,House Economic Matters Committee,"Maryland State Licensed Beverage Association; Maryland Beer Wholesalers Association, Inc."
E001509,"Garagiola, Robert J","Compass Government Relations Partners, LLC","PPE Casino Resorts Maryland, LLC",10/22/25,4079.65,House Judiciary Committee,"PPE Casino Resorts Maryland, LLC"
E001350,"Fiastro, John Carl, Jr.",Fiastro Consulting,"Cybersecurity Association of Maryland, Inc.",02/04/25,4023.03,General Assembly,"Cybersecurity Association of Maryland, Inc."
E001448,"Carroll, Jr., David H.","Capitol Strategies, LLC",DailyPay,03/11/25,4000,Senate Finance Committee,DailyPay; American Fintech Council; EarnIn; PayActiv
E001357,"Majchrzak, Tyler ",Horizon Farm Credit,Horizon Farm Credit,01/28/25,3989.4,House Environment and Transportation Committee,Horizon Farm Credit
E001286,"Conner, Charles R, III",MedStar Health,MedStar Health,02/04/25,3983.4,House Health and Government Operations Committee; Senate Finance Committee,MedStar Health
E001423,"Jackson, Marcus ",Associated Builders and Contractors of Metro Washington,Associated Builders & Contractors,03/05/25,3928.87,House Economic Matters Committee,Associated Builders & Contractors
E001434,"Evans, Gerard ","Evans & Associates, LLC",Maryland Transportation Builders and Materials Association,03/11/25,3890.61,Senate Judicial Proceedings Committee,Maryland Transportation Builders and Materials Association
E001304,"Proctor, Gregory S., Jr.","G.S. Proctor & Associates, Inc. ","G.S. Proctor & Associates, Inc.",01/16/25,3886.06,Senate Budget and Taxation Committee,"G.S. Proctor & Associates, Inc."
E001353,"Mettle, Kathleen ",Advanced Energy United,Advanced Energy United,01/28/25,3838.25,House Economic Matters Committee,Advanced Energy United
E001424,"Jackson, Marcus ",Associated Builders and Contractors of Metro Washington,Associated Builders & Contractors,03/06/25,3827.64,Senate Finance Committee,Associated Builders & Contractors
E001318,"Pica, John A, Jr.","Pica & Associates, LLC",PrizePicks,01/23/25,3806,House Ways and Means Committee; Senate Budget and Taxation Committee,PrizePicks
E001364,"Garagiola, Hannah  Powers","Compass Government Relations Partners, LLC","Donate Life Maryland, Inc.",02/10/25,3795.93,General Assembly,"Donate Life Maryland, Inc.; Infinite Legacy"
E001308,"Evans, Gerard ","Evans & Associates, LLC",Maryland Transportation Builders and Materials Association,02/19/25,3777.94,Senate Budget and Taxation Committee,Maryland Transportation Builders and Materials Association
E001294,"Garagiola, Robert J","Compass Government Relations Partners, LLC",Mid-Atlantic Renewable Energy Coalition Action (MAREC Action),01/28/25,3765.28,"Senate Education, Energy, and the Environment Committee (formerly Senate Education Health and Environmental Affairs Committee)",Mid-Atlantic Renewable Energy Coalition Action (MAREC Action)
E001378,"Witten, Jennifer Marie",LifeBridge Health,"Lifebridge Health, Inc.",02/12/25,3757.31,House Appropriations Committee; House Health and Government Operations Committee; House Judiciary Committee; Senate Budget and Taxation Committee; Senate Finance Committee; Senate Judicial Proceedings Committee,"Lifebridge Health, Inc."
E001408,"Marczyk, Bernie ",Cornerstone Government Affairs,"Mechanical Contractors Association of Maryland, Inc.",02/26/25,3731.28,House Appropriations Committee; House Economic Matters Committee; House Environment and Transportation Committee; Senate Budget and Taxation Committee; Senate Finance Committee,"Mechanical Contractors Association of Maryland, Inc.; Maryland National Electrical Contractors Association"
E001370,"Garagiola, Robert J","Compass Government Relations Partners, LLC",Chesapeake Solar & Storage Association (CHESSA),02/20/25,3700.01,"Senate Education, Energy, and the Environment Committee (formerly Senate Education Health and Environmental Affairs Committee)",Chesapeake Solar & Storage Association (CHESSA)
E001436,"Stegman, Matthew F",Chesapeake Bay Foundation,Chesapeake Bay Foundation,03/18/25,3663.07,General Assembly,Chesapeake Bay Foundation
E001376,"Bryce, Joseph C",Manis Canning & Associates,Maryland Patient Care and Access Coalition,03/04/25,3637.49,House Health and Government Operations Committee; Senate Finance Committee,Maryland Patient Care and Access Coalition; Maryland Orthopaedic Association
E001504,Maryland Government Relations Association,"Pounds, Eddie L. ",Maryland Government Relations Association,08/13/25,3536.18,General Assembly,Maryland Government Relations Association; Capitol Strategies; GS Proctor & Assoc; Cornerstone Government Relations; Ann Ciekot
E001421,"Garagiola, Hannah  Powers","Compass Government Relations Partners, LLC","Maryland Association for Justice, Inc.",03/12/25,3483.8,House Appropriations Committee,"Maryland Association for Justice, Inc."
E001444,"Sidh, Sushant ","Capitol Strategies, LLC",Luminis Health,03/04/25,3383.17,Anne Arundel County Delegation,Luminis Health
E001429,"Williams, Lisa B.",Baltimore City Medical Society,Baltimore City Medical Society,03/03/25,3379.49,Baltimore City Delegation; House Judiciary Committee; Senate Judicial Proceedings Committee,Baltimore City Medical Society; Maryland Neurosurgical Society; Maryland Society of Eye Physicians and Surgeons
E001467,"Mendelson, Lindsey Sommer",Maryland Sierra Club,Sierra Club Maryland Chapter,06/01/25,3357.89,House of Delegates; Senate,Sierra Club Maryland Chapter
E001348,"Peters, Sarah M.",Husch Blackwell Strategies,"Action Now Initiative, LLC",02/04/25,3302.99,Senate Judicial Proceedings Committee,"Action Now Initiative, LLC"
E001344,"Deal, Poetri ","Pepco Holdings, LLC","Pepco Holdings, LLC.",02/19/25,3297.98,"Senate Education, Energy, and the Environment Committee (formerly Senate Education Health and Environmental Affairs Committee)","Pepco Holdings, LLC."
E001435,"White, Josh ",KO Public Affairs,SEIA,02/27/25,3281.67,"Senate Education, Energy, and the Environment Committee (formerly Senate Education Health and Environmental Affairs Committee)",SEIA
E001365,"Garagiola, Hannah  Powers","Compass Government Relations Partners, LLC",CVS Health and All Affiliated Subsidiaries,02/11/25,3163.85,Senate Budget and Taxation Committee,CVS Health and All Affiliated Subsidiaries
E001343,"Reed, Dytonia ",Baltimore Gas and Electric,Baltimore Gas and Electric Company,03/06/25,3075.26,"Senate Education, Energy, and the Environment Committee (formerly Senate Education Health and Environmental Affairs Committee)",Baltimore Gas and Electric Company
E001452,"Sidh, Sushant ","Capitol Strategies, LLC",Meritus Health,03/20/25,3060,Senate Budget and Taxation Committee; Senate Finance Committee,Meritus Health
E001334,"Sanders, Alyssa ",EveryMind,"EveryMind, Inc",01/30/25,3028.86,House of Delegates; Senate,"EveryMind, Inc"
E001428,"Garagiola, Robert J","Compass Government Relations Partners, LLC",Professional Firefighters of Maryland,03/12/25,3006.93,Senate Finance Committee,Professional Firefighters of Maryland
E001358,"Boston, III, Frank D","Law Office of Frank D. Boston, III",Baltimore's Promise Care of the Fund for Educational Excellence,01/29/25,3000,Baltimore City Delegation,Baltimore's Promise Care of the Fund for Educational Excellence
E001335,"Evans, Gerard ","Evans & Associates, LLC",Luminis Health,02/13/25,2958.68,House Appropriations Committee,Luminis Health
E001425,"Mettle, Kathleen ",Advanced Energy United,Advanced Energy United,02/25/25,2923.01,"Senate Education, Energy, and the Environment Committee (formerly Senate Education Health and Environmental Affairs Committee)",Advanced Energy United
E001360,"Garagiola, Robert J","Compass Government Relations Partners, LLC","PPE Casino Resorts Maryland, LLC",02/04/25,2909.89,Senate Budget and Taxation Committee,"PPE Casino Resorts Maryland, LLC"
E001325,"Mills, Morgan ","Compass Government Relations Partners, LLC","Maryland Association for Justice, Inc.",01/15/25,2894.15,General Assembly,"Maryland Association for Justice, Inc."
E001218,"Johansen, Michael Vernon",Rifkin Weiner Livingston LLC,Maryland Care Inc. dba Maryland Physicians Care,11/19/24,2870.94,Montgomery County Delegation; Prince George 's County Delegation,Maryland Care Inc. dba Maryland Physicians Care
E001438,"Harvey, Tiffany L",Cornerstone Government Affairs,Maryland-Delaware-DC Beverage Association,03/10/25,2849.09,General Assembly,Maryland-Delaware-DC Beverage Association
E001315,"Pounds, Eddie L.",PerryJacobson,Prince George's County Chamber of Commerce,01/08/25,2650,Prince George 's County Delegation,Prince George's County Chamber of Commerce; Coca Cola (Member Organization); Luminus Health Care
E001460,"Bellamy, Lorenzo ",Bellamy Genn Group LLC,"Bellamy Genn Group, LLC",04/07/25,2640,General Assembly,"Bellamy Genn Group, LLC"
E001307,"Evans, Gerard ","Evans & Associates, LLC","Northeast Maglev, LLC, The",02/06/25,2607,Senate Budget and Taxation Committee,"Northeast Maglev, LLC, The"
E001383,"Shattuck, Daniel ",Brocato & Shattuck,Maryland Dermatologic Society,02/20/25,2602,General Assembly,Maryland Dermatologic Society
E001445,"Sidh, Sushant ","Capitol Strategies, LLC","Reworld Waste, LLC",03/05/25,2510.85,"Senate Education, Energy, and the Environment Committee (formerly Senate Education Health and Environmental Affairs Committee)","Reworld Waste, LLC"
E001406,"Allen, Hannah ",Maryland Chamber of Commerce,Maryland Chamber of Commerce,02/19/25,2502.49,House Environment and Transportation Committee,Maryland Chamber of Commerce
E001276,"Kauffman, Danna L","Schwartz, Metz, Wise & Kauffman, P.A.","Maryland and District of Columbia Society of Clinical Oncology, Inc.",01/30/25,2500.98,House Health and Government Operations Committee; Senate Finance Committee,"Maryland and District of Columbia Society of Clinical Oncology, Inc."
E001367,"Garagiola, Hannah  Powers","Compass Government Relations Partners, LLC","Motorola Solutions, Inc.",02/18/25,2500,Senate Budget and Taxation Committee,"Motorola Solutions, Inc."
E001361,"Garagiola, Hannah  Powers","Compass Government Relations Partners, LLC","Motorola Solutions, Inc.",02/05/25,2451,House Appropriations Committee,"Motorola Solutions, Inc."
E001446,"Sidh, Sushant ","Capitol Strategies, LLC","Atlantic Bingo Supply, Inc",03/06/25,2450.25,Senate Budget and Taxation Committee,"Atlantic Bingo Supply, Inc; Delta Bingo"
E001291,"Garagiola, Robert J","Compass Government Relations Partners, LLC","Coalition for Community Solar Access, Inc.",01/15/25,2440.4,"Senate Education, Energy, and the Environment Committee (formerly Senate Education Health and Environmental Affairs Committee)","Coalition for Community Solar Access, Inc.; Turning Point; Summit Ridge; Chaberton; New Leaf"
E001385,"Lucchi, Leonard L.","O'Malley, Miles, Nylen & Gilmore, P.A.","Maryland Citizens' Health Initiative, Inc.",02/06/25,2305,House Health and Government Operations Committee,"Maryland Citizens' Health Initiative, Inc.; AARP Maryland"
E001332,"Kress, William Allen",Kress Hammen Government Affairs,Maryland Association of Nurse Anesthetists,02/20/25,2301.71,House Health and Government Operations Committee,Maryland Association of Nurse Anesthetists
E001384,"Kress, William Allen",Kress Hammen Government Affairs,Kress Hammen Government Affairs,02/04/25,2247.69,"Senate Education, Energy, and the Environment Committee (formerly Senate Education Health and Environmental Affairs Committee)",Kress Hammen Government Affairs
E001471,"Popham, Bryson F","Bryson F. Popham, PA",Army Alliance,05/13/25,2233.15,"Harford County Delegation; House Environment and Transportation Committee; Senate Education, Energy, and the Environment Committee (formerly Senate Education Health and Environmental Affairs Committee)",Army Alliance
E001355,"Harbeson, Kristen ",Maryland League of Conservation Voters,Maryland League of Conservation Voters,01/28/25,2116.22,General Assembly,Maryland League of Conservation Voters
E001356,"Majchrzak, Tyler ",Horizon Farm Credit,Horizon Farm Credit,01/23/25,2103.28,"Senate Education, Energy, and the Environment Committee (formerly Senate Education Health and Environmental Affairs Committee)",Horizon Farm Credit
E001354,"Allen, Hannah ",Maryland Chamber of Commerce,Maryland Chamber of Commerce,02/05/25,2091.52,Senate Budget and Taxation Committee,Maryland Chamber of Commerce
E001491,"Evans, Gerard ","Evans & Associates, LLC",Maryland Transportation Builders and Materials Association,09/23/25,2091,House Appropriations Committee; Senate Budget and Taxation Committee,Maryland Transportation Builders and Materials Association
E001264,"Wise, J. Steven","Schwartz, Metz, Wise & Kauffman, P.A.",Maryland State Licensed Beverage Association,03/05/25,2037.61,Senate Finance Committee,"Maryland State Licensed Beverage Association; Maryland Beer Wholesalers Association, Inc."
E001345,"Shattuck, Daniel ",Brocato & Shattuck,Maryland Psychological Association,01/29/25,1982.61,General Assembly,Maryland Psychological Association
E001382,"Lucchi, Leonard L.","O'Malley, Miles, Nylen & Gilmore, P.A.","Maryland Citizens' Health Initiative, Inc.",02/04/25,1735.06,Senate Finance Committee,"Maryland Citizens' Health Initiative, Inc."
E001415,"Reed, Dan ",Greater Greater Washington,Greater Greater Washington,02/25/25,1731,General Assembly,Greater Greater Washington; Coalition for Smarter Growth
E001457,"Walsh, Michael ",Capitol Strategies,Capitol Strategies LLC,03/20/25,1556,General Assembly,Capitol Strategies LLC
E001282,"Mansfield, Andrea ",Manis Canning & Associates,Maryland Alliance for College Affordability and Equity,01/23/25,1553.98,General Assembly,Maryland Alliance for College Affordability and Equity; Maryland Alliance for College Affordability and Equity - Water for Event; Maryland Alliance for College Affordability and Equity - Flyers for Event
E001279,"Bellamy, Lorenzo ",Bellamy Genn Group LLC,"Bellamy Genn Group, LLC",01/08/25,1517.64,General Assembly,"Bellamy Genn Group, LLC"
E001249,"Peters, Sarah M.",Husch Blackwell Strategies,Maryland School Psychologists' Association,01/09/25,1500,General Assembly,Maryland School Psychologists' Association
E001331,"Kress, William Allen",Kress Hammen Government Affairs,Maryland Association of Nurse Anesthetists,02/06/25,1483.1,Senate Finance Committee,Maryland Association of Nurse Anesthetists
E001493,"Kauffman, Danna L","Schwartz, Metz, Wise & Kauffman, P.A.",Maryland-National Capital Homecare Association,08/21/25,1467.84,Baltimore County Delegation,Maryland-National Capital Homecare Association
E001326,"Lininger, Brett Stewart",Kress Hammen Government Affairs,National Association of Insurance and Financial Advisors of Maryland (NAIFA-MD),01/28/25,1344.55,Senate Finance Committee,National Association of Insurance and Financial Advisors of Maryland (NAIFA-MD); Independent Insurance Agents of Maryland
E001252,"Peters, Sarah M.",Husch Blackwell Strategies,"Maryland Athletic Trainers Association, Inc.",01/09/25,1318,General Assembly,"Maryland Athletic Trainers Association, Inc."
E001401,"Mason, Michael ",Providence Strategies LLC,Maryland Association of Soil Conservation Districts,02/04/25,1310,General Assembly,Maryland Association of Soil Conservation Districts
E001417,"Nickerson, Sherry Dudley",Old Line Government Affairs LLC,AIA Maryland,02/20/25,1100,House of Delegates; Senate,AIA Maryland
E001416,"Harting, Marta ",Venable LLP,Diageo,03/16/25,1050,Baltimore County Delegation,Diageo
E001278,"Brown, Jonathan Paul, Sr.",LA Perez Consulting LLC,Prince George's County Municipal Association,12/19/24,1000,Prince George 's County Delegation,Prince George's County Municipal Association
E001222,"Garagiola, Robert J","Compass Government Relations Partners, LLC",Cloverleaf Standardbred Owners Association,11/17/24,1000,House Ways and Means Committee; Prince George 's County Delegation; Senate Budget and Taxation Committee,Cloverleaf Standardbred Owners Association
E001508,"Harting, Marta ",Venable LLP,Diageo,09/21/25,960,Baltimore County Delegation,Diageo
E001405,"Shattuck, Daniel ",Brocato & Shattuck,"National Academy of Elder Law Attorneys, Maryland/DC Chapter",02/25/25,945,House Appropriations Committee; House Health and Government Operations Committee; House Judiciary Committee; Senate Budget and Taxation Committee; Senate Finance Committee; Senate Judicial Proceedings Committee,"National Academy of Elder Law Attorneys, Maryland/DC Chapter"
E001474,"Lucchi, Leonard L.","O'Malley, Miles, Nylen & Gilmore, P.A.","Maryland Citizens' Health Initiative, Inc.",05/20/25,847.63,General Assembly,"Maryland Citizens' Health Initiative, Inc."
E001320,"Peters, Sarah M.",Husch Blackwell Strategies,American Diabetes Association,02/04/25,840,General Assembly,American Diabetes Association
E001510,"Sanders, Alyssa ",EveryMind,"EveryMind, Inc",10/20/25,750,Prince George 's County Delegation,"EveryMind, Inc"
E001323,"Miicke, Sarah Mersky",Baltimore Jewish Council,Baltimore Jewish Council,01/27/25,700,General Assembly,Baltimore Jewish Council; Jcrc of Greater Washington
E001494,"Kauffman, Danna L","Schwartz, Metz, Wise & Kauffman, P.A.",Maryland-National Capital Homecare Association,10/16/25,549.77,Montgomery County Delegation,Maryland-National Capital Homecare Association
E001404,"Egan, Ashley ",Unitarian Universalist Legislative Ministry- Maryland,UULM-MD,02/08/25,519.67,House of Delegates; Senate,UULM-MD
E001377,Annapolis Pride,"Toolan, Joseph ",Annapolis Pride,01/27/25,500,Anne Arundel County Delegation; General Assembly,Annapolis Pride
E001251,"Kujan, Russel ",Baltimore County Medical Association,Baltimore County Medical Association,12/13/24,448.45,Baltimore County Delegation,Baltimore County Medical Association
E001441,"Pica, John A, Jr.","Pica & Associates, LLC","Pica & Associates, LLC",03/11/25,409.77,Senate Budget and Taxation Committee,"Pica & Associates, LLC"
E001477,"Morris, Austin ",Children's National Hospital,Children's National Health System,04/30/25,287.4,Montgomery County Delegation,Children's National Health System
E001480,"Peters, Sarah M.",Husch Blackwell Strategies,"Action Now Initiative, LLC",06/17/25,210.6,House Judiciary Committee; Senate Judicial Proceedings Committee,"Action Now Initiative, LLC"
E001500,"Lucchi, Leonard L.","O'Malley, Miles, Nylen & Gilmore, P.A.",One Fair Wage,08/14/25,200,Baltimore City Delegation; General Assembly,One Fair Wage
E001208,"Walmsley, Keith ",Walmsley Strategies,Maryland School for the Deaf,11/19/24,50,House Ways and Means Committee,Maryland School for the Deaf
E001513,"Lucchi, Leonard L.","O'Malley, Miles, Nylen & Gilmore, P.A.",1199 SEIU,10/29/25,0,House Appropriations Committee; House Health and Government Operations Committee; Senate Budget and Taxation Committee; Senate Finance Committee,1199 SEIU
E001454,"Bereano, Bruce C",Office of Bruce C. Bereano,5400 Holiday Drive LLC,03/18/25,0,Senate Budget and Taxation Committee,5400 Holiday Drive LLC
E001450,"Sidh, Sushant ","Capitol Strategies, LLC",Meritus Health,03/12/25,0,Senate Budget and Taxation Committee,Meritus Health
E001437,"Hogan, Patrick N.",Cornerstone Government Affairs,Teach Coalition,03/05/25,0,"House Appropriations Committee; House Ways and Means Committee; Senate Budget and Taxation Committee; Senate Education, Energy, and the Environment Committee (formerly Senate Education Health and Environmental Affairs Committee)",Teach Coalition
E001430,"Smith , Sarah  Joan","Bryson F. Popham, PA",Maryland Association of Mutual Insurance Companies (MAMIC),02/13/25,0,Senate Finance Committee,Maryland Association of Mutual Insurance Companies (MAMIC)
E001324,"Miicke, Sarah Mersky",Baltimore Jewish Council,Baltimore Jewish Council,02/11/25,0,General Assembly,Baltimore Jewish Council; JCRC of Greater Washington
E001337,"Peters, Sarah M.",Husch Blackwell Strategies,Maryland Podiatric Medical Association,02/11/25,0,House Health and Government Operations Committee,Maryland Podiatric Medical Association
E001336,"Lucchi, Leonard L.","O'Malley, Miles, Nylen & Gilmore, P.A.","Maryland Citizens' Health Initiative, Inc.",01/23/25,0,Senate Finance Committee,"Maryland Citizens' Health Initiative, Inc."
E001525,"Peters, Sarah M.",Husch Blackwell Strategies,Transportation Association of Maryland,01/22/25,0,General Assembly,Transportation Association of Maryland
E001305,"Proctor, Gregory S., Jr.","G.S. Proctor & Associates, Inc. ","G.S. Proctor & Associates, Inc.",01/21/25,0,Anne Arundel County Delegation; Southern Maryland Delegation,"G.S. Proctor & Associates, Inc."
E001244,"Carrington, J. Darrell ","Carrington & Associates, LLC",Chesapeake Physicians for Social Responsibility (CPSR),01/16/25,0,General Assembly,Chesapeake Physicians for Social Responsibility (CPSR)
E001285,"Proctor, Gregory S., Jr.","G.S. Proctor & Associates, Inc. ","G.S. Proctor & Associates, Inc.",01/09/25,0,House Appropriations Committee,"G.S. Proctor & Associates, Inc."
E001257,"Martinez, Madelin  Stefany",Catholic Charities of Baltimore,Catholic Charities,01/07/25,0,Baltimore County Delegation,Catholic Charities